<launch>

  <!-- AMCL定位算法，基础参数(机器人初始位置) -->
  <arg name="initial_pose_x"  default="0.0"/>
  <arg name="initial_pose_y"  default="0.0"/>
  <arg name="initial_pose_a"  default="0.0"/>

  <!-- 迷你机器人，基础参数 -->
  <arg name="robot_name" default="tianbot_mini" />
  <arg name="scan_topic" default="scan" />
  <arg name="odom_topic" default="odom" />
  <arg name="cmd_vel_topic" default="cmd_vel" />

  <!-- TF坐标变换，基础参数 -->
  <arg name="laser_frame_id" default="$(arg robot_name)/laser" />
  <arg name="global_frame_id" default="$(arg robot_name)/map" />
  <arg name="base_frame_id" default="$(arg robot_name)/base_link" />
  <arg name="odom_frame_id" default="$(arg robot_name)/odom" />

  <!-- map file -->
  <arg name="map" default="$(find tianbot_mini)/maps/map.yaml" />

  <group ns="$(arg robot_name)">
    <!-- Map服务器，加载*.yaml地图 -->
    <node pkg="map_server" type="map_server" name="map_server" args="$(arg map)">
      <param name="frame_id" value="$(arg robot_name)/map" />
    </node>

    <!-- AMCL蒙特卡罗定位算法，估算机器人的位置 -->
    <node pkg="amcl" type="amcl" name="amcl">
      <param name="use_map_topic"             value="true"/>
      <!-- Publish scans from best pose at a max of 10 Hz -->
      <param name="odom_model_type"           value="diff"/>
      <param name="odom_alpha5"               value="0.1"/>
      <param name="gui_publish_rate"          value="10.0"/>
      <param name="laser_max_beams"             value="60"/>
      <param name="laser_max_range"           value="4.5"/>
      <param name="min_particles"             value="500"/>
      <param name="max_particles"             value="2000"/>
      <param name="kld_err"                   value="0.05"/>
      <param name="kld_z"                     value="0.99"/>
      <param name="odom_alpha1"               value="0.2"/>
      <param name="odom_alpha2"               value="0.2"/>
      <!-- translation std dev, m -->
      <param name="odom_alpha3"               value="0.2"/>
      <param name="odom_alpha4"               value="0.2"/>
      <param name="laser_z_hit"               value="0.5"/>
      <param name="laser_z_short"             value="0.05"/>
      <param name="laser_z_max"               value="0.05"/>
      <param name="laser_z_rand"              value="0.5"/>
      <param name="laser_sigma_hit"           value="0.2"/>
      <param name="laser_lambda_short"        value="0.1"/>
      <param name="laser_model_type"          value="likelihood_field"/>
      <!-- <param name="laser_model_type" value="beam"/> -->
      <param name="laser_likelihood_max_dist" value="2.0"/>
      <param name="update_min_d"              value="0.25"/>
      <param name="update_min_a"              value="0.2"/>
      <param name="odom_frame_id"             value="$(arg odom_frame_id)"/> 
      <param name="base_frame_id"             value="$(arg base_frame_id)"/> 
      <param name="global_frame_id"           value="$(arg global_frame_id)"/>
      <param name="resample_interval"         value="1"/>
      <!-- Increase tolerance because the computer can get quite busy -->
      <param name="transform_tolerance"       value="1.0"/>
      <param name="recovery_alpha_slow"       value="0.0"/>
      <param name="recovery_alpha_fast"       value="0.0"/>
      <param name="initial_pose_x"            value="$(arg initial_pose_x)"/>
      <param name="initial_pose_y"            value="$(arg initial_pose_y)"/>
      <param name="initial_pose_a"            value="$(arg initial_pose_a)"/>
      <remap from="scan"                      to="$(arg scan_topic)"/>
    </node>
  </group>
</launch>
